Gris ID;Sår ID;Dag;Niveau sårvæv;Sårskorpe;Granulationsvæv;Epithelialisering;Kontraktion;Hyperæmi;Ødem;Eksudat;Eksudattype;Infektionsniveau;
1;A;1;1;0;0;0;0;2;0;1;6;2;
1;B;1;1;0;0;0;0;0;0;1;6;2;
1;C;1;1;0;0;0;0;0;0;1;6;2;
1;D;1;1;0;0;0;0;0;0;1;6;2;
1;A;2;2;1;0;0;0;1;0;1;6;2;
1;B;2;1;0;0;0;0;0;0;1;6;2;
1;C;2;1;0;0;0;0;1;0;1;6;2;
1;D;2;1;0;0;0;0;1;0;1;6;2;
1;A;3;2;1;2;0;0;1;1;1;2;2;
1;B;3;1;1;2;0;0;1;0;1;2;2;
1;C;3;1;1;2;0;0;1;1;1;2;2;
1;D;3;1;1;0;0;0;1;1;1;2;2;
1;A;4;2;1;0;0;0;1;1;1;2;2;
1;B;4;1;2;2;0;0;1;0;0;0;2;
1;C;4;1;1;0;0;0;1;1;1;1;2;
1;D;4;1;1;2;0;0;1;1;1;1;2;
1;A;5;2;1;1;2;0;0;1;1;1;2;
1;B;5;2;2;2;2;0;0;0;0;0;2;
1;C;5;1;1;2;2;0;0;1;1;1;2;
1;D;5;1;2;1;2;0;0;1;1;1;2;
2;A;1;2;0;0;0;0;0;1;1;6;2;
2;B;1;2;0;0;0;0;0;0;1;2;2;
2;C;1;1;0;0;0;0;0;1;1;6;2;
2;D;1;1;0;0;0;0;0;1;1;6;2;
2;A;2;1;1;0;0;0;1;0;1;6;2;
2;B;2;1;0;0;0;0;1;0;1;6;2;
2;C;2;1;0;0;0;0;1;0;1;6;2;
2;D;2;1;0;0;0;0;1;0;1;1;2;
2;A;3;1;2;2;0;0;1;1;0;0;2;
2;B;3;1;2;2;0;0;1;0;1;2;2;
2;C;3;1;2;2;0;0;1;1;1;2;2;
2;D;3;1;1;2;2;0;1;1;1;2;2;
2;A;4;1;2;2;0;0;1;1;0;0;2;
2;B;4;1;2;2;0;0;0;0;0;0;2;
2;C;4;1;2;2;0;0;1;1;0;0;2;
2;D;4;1;2;2;2;0;1;1;0;0;2;
2;A;5;1;2;1;2;0;0;1;1;3;2;
2;B;5;1;2;1;2;0;0;1;1;3;2;
2;C;5;1;2;1;2;0;0;1;0;0;2;
2;D;5;1;2;1;2;0;0;1;0;0;2;
3;A;1;2;0;0;0;0;0;1;1;6;2;
3;B;1;1;0;0;0;0;0;1;1;6;2;
3;C;1;1;0;0;0;0;0;1;1;6;2;
3;D;1;1;1;0;0;0;0;0;1;6;2;
3;A;2;1;0;2;0;0;1;1;1;6;2;
3;B;2;1;0;2;0;0;1;1;1;6;2;
3;C;2;1;0;2;0;0;1;1;1;6;2;
3;D;2;1;0;0;0;0;1;1;1;6;2;
3;A;3;1;1;2;0;0;1;1;1;2;2;
3;B;3;1;1;2;0;0;1;1;0;0;2;
3;C;3;1;0;2;0;0;1;1;1;2;2;
3;D;3;1;0;2;0;0;1;1;0;0;2;
3;A;4;1;2;2;0;0;1;1;0;0;2;
3;B;4;1;2;2;0;0;1;1;0;0;2;
3;C;4;1;2;2;0;0;1;1;0;0;2;
3;D;4;1;2;0;0;0;1;1;0;0;2;
3;A;5;1;2;1;2;0;0;1;1;3;2;
3;B;5;1;2;1;2;0;0;1;1;3;2;
3;C;5;1;2;1;2;0;0;1;0;0;2;
3;D;5;1;2;1;2;0;0;1;0;0;2;
4;A;1;1;1;0;0;0;0;1;1;6;2;
4;B;1;1;1;0;0;0;0;1;1;6;2;
4;C;1;1;1;0;0;0;0;0;1;6;2;
4;D;1;1;0;0;0;0;0;1;1;6;2;
4;A;2;2;0;0;0;0;1;0;1;6;2;
4;B;2;2;0;0;0;0;1;0;1;6;2;
4;C;2;1;1;2;0;0;1;1;0;0;2;
4;D;2;1;0;0;0;0;1;1;1;1;2;
4;A;3;1;1;2;0;0;1;1;1;2;2;
4;B;3;1;1;2;0;0;1;1;1;2;2;
4;C;3;1;2;2;0;0;1;1;0;0;2;
4;D;3;1;1;2;0;0;1;1;1;1;2;
4;A;4;1;2;2;0;0;1;1;0;0;2;
4;B;4;1;2;0;0;0;1;1;1;1;2;
4;C;4;1;2;2;0;0;1;1;0;0;2;
4;D;4;1;2;2;0;0;1;1;0;0;2;
4;A;5;1;2;1;2;0;0;1;0;0;2;
4;B;5;1;2;1;2;0;0;1;0;0;2;
4;C;5;1;2;1;2;0;0;1;0;0;2;
4;D;5;1;2;1;2;0;0;1;0;0;2;
5;A;1;1;0;0;0;0;0;0;1;1;2;
5;B;1;1;0;0;0;0;0;0;1;1;2;
5;C;1;1;0;0;0;0;0;1;1;1;2;
5;D;1;1;0;0;0;0;0;1;1;1;2;
5;A;2;1;0;0;0;0;1;1;1;1;2;
5;B;2;2;0;0;0;0;0;0;0;0;2;
5;C;2;1;0;0;0;0;0;1;1;1;2;
5;D;2;1;0;0;0;0;1;1;1;1;2;
5;A;3;1;1;2;0;0;1;1;1;1;2;
5;B;3;1;1;2;0;0;1;1;0;0;2;
5;C;3;1;1;2;0;0;1;1;0;0;2;
5;D;3;1;0;2;0;0;1;1;1;1;2;
5;A;4;1;1;2;2;0;0;1;1;1;2;
5;B;4;1;2;2;2;0;0;1;0;0;2;
5;C;4;1;2;2;2;0;0;1;1;1;2;
5;D;4;1;2;2;2;0;0;1;0;0;2;
5;A;5;1;2;2;2;0;1;1;0;0;2;
5;B;5;2;2;2;2;0;1;1;0;0;2;
5;C;5;1;2;2;2;0;1;1;0;0;2;
5;D;5;1;2;2;2;0;1;1;0;0;2;
5;A;10;3;2;1;0;0;0;1;0;0;;
5;B;10;3;2;1;0;0;0;0;0;0;;
5;C;10;2;1;1;0;0;0;0;0;0;;
5;D;10;3;2;1;1;0;0;0;1;3;;
6;A;1;1;1;0;0;0;0;0;1;1;2;
6;B;1;1;0;0;0;0;0;1;0;0;2;
6;C;1;1;0;0;0;0;0;1;1;1;2;
6;D;1;1;0;0;0;0;0;1;1;1;2;
6;A;2;1;1;0;0;0;0;0;0;0;2;
6;B;2;1;0;0;0;0;1;1;0;0;2;
6;C;2;1;0;0;0;0;0;1;1;6;2;
6;D;2;1;0;0;0;0;1;1;1;1;2;
6;A;3;1;2;2;0;0;1;1;0;0;2;
6;B;3;1;1;2;0;0;1;1;1;1;2;
6;C;3;1;0;2;0;0;1;1;1;2;2;
6;D;3;1;1;2;0;0;1;1;1;1;2;
6;A;4;1;2;2;2;0;0;0;0;0;2;
6;B;4;1;2;2;2;0;0;1;1;1;2;
6;C;4;1;2;2;2;0;0;1;1;3;2;
6;D;4;1;2;2;2;0;0;1;1;3;2;
6;A;5;1;2;2;2;0;1;1;0;0;2;
6;B;5;1;2;1;2;0;1;0;0;0;2;
6;C;5;1;2;2;2;0;1;1;0;0;2;
6;D;5;1;2;2;2;0;1;1;0;0;2;
6;A;10;3;2;1;2;0;0;0;0;0;;
6;B;10;3;2;1;1;1;0;0;0;0;;
6;C;10;2;0;1;1;1;0;0;0;0;;
6;D;10;3;2;1;1;1;0;0;0;0;;
7;A;1;1;0;0;0;0;0;0;1;1;2;
7;B;1;1;0;0;0;0;0;0;1;6;2;
7;C;1;1;0;2;0;0;0;1;1;6;1;
7;D;1;1;0;0;0;0;0;0;1;6;2;
7;A;2;1;0;0;0;0;1;0;1;2;2;
7;B;2;2;0;0;0;0;1;1;1;1;2;
7;C;2;1;0;0;0;0;1;1;1;6;2;
7;D;2;1;0;0;0;0;1;1;1;6;2;
7;A;3;1;1;2;0;0;1;1;0;0;2;
7;B;3;1;1;2;2;0;1;1;0;0;2;
7;C;3;1;0;2;0;0;1;1;1;1;2;
7;D;3;1;2;2;2;0;1;1;1;0;2;
7;A;4;1;2;2;2;0;1;1;0;0;2;
7;B;4;1;2;2;2;0;0;0;0;0;2;
7;C;4;1;2;2;2;0;1;1;1;1;2;
7;D;4;1;2;2;2;0;0;1;0;0;2;
7;A;5;1;2;2;2;0;1;1;0;0;2;
7;B;5;2;2;2;2;0;1;1;0;0;2;
7;C;5;1;2;2;2;0;1;1;0;0;2;
7;D;5;1;2;2;2;0;1;1;0;0;2;
7;A;10;3;2;1;2;0;0;1;0;0;;
7;B;10;3;2;1;1;0;0;1;0;0;;
7;C;10;3;2;1;2;0;0;1;1;3;;
7;D;10;3;2;1;2;0;0;0;1;3;;
8;A;1;4;0;0;0;0;0;0;1;1;2;
8;B;1;4;1;0;0;0;0;1;1;1;2;
8;C;1;1;0;0;0;0;0;0;1;1;2;
8;D;1;1;1;0;0;0;0;1;1;7;2;
8;A;2;4;1;0;0;0;1;1;1;1;2;
8;B;2;1;0;0;0;0;0;0;0;0;2;
8;C;2;1;0;0;0;0;1;1;1;1;2;
8;D;2;1;0;0;0;0;1;1;1;1;2;
8;A;3;1;2;2;0;0;1;1;0;0;2;
8;B;3;1;2;2;0;0;0;1;0;0;2;
8;C;3;1;1;2;0;0;1;1;1;1;2;
8;D;3;1;0;2;0;0;1;1;1;1;2;
8;A;4;1;2;2;2;0;0;1;1;1;2;
8;B;4;1;2;2;2;0;0;1;0;0;2;
8;C;4;1;2;2;2;0;1;1;0;0;2;
8;D;4;1;2;2;2;0;1;1;0;0;2;
8;A;5;2;2;2;2;0;0;1;0;0;2;
8;B;5;2;2;2;2;0;1;1;0;0;2;
8;C;5;1;2;2;2;0;1;1;0;0;2;
8;D;5;1;2;2;2;0;1;1;1;1;2;
8;A;10;3;2;1;1;0;0;0;0;0;;
8;B;10;3;2;1;1;0;0;0;0;0;;
8;C;10;2;1;1;1;1;0;0;0;0;;
8;D;10;2;1;1;1;1;0;0;0;0;;
9;A;1;1;1;0;0;0;0;0;1;1;2;
9;B;1;4;0;0;0;0;1;0;1;1;2;
9;C;1;1;1;0;0;0;1;1;1;5;1;
9;D;1;1;1;0;0;0;1;1;1;5;2;
9;A;2;1;0;0;0;0;0;1;0;0;2;
9;B;2;1;0;0;0;0;0;1;1;2;1;
9;C;2;1;0;0;0;0;1;1;0;0;2;
9;D;2;1;0;0;0;0;1;1;1;1;1;
9;A;3;1;2;2;0;0;1;1;0;0;2;
9;B;3;1;0;2;2;0;1;1;1;5;2;
9;C;3;1;1;2;0;0;1;1;1;5;2;
9;D;3;1;1;2;0;0;1;1;0;0;2;
9;A;4;1;2;2;0;0;1;1;0;0;2;
9;B;4;1;1;2;0;1;1;1;1;1;2;
9;C;4;1;2;2;0;0;1;1;0;0;2;
9;D;4;1;2;2;0;0;1;1;0;0;2;
9;A;5;1;1;2;0;0;1;1;0;0;2;
9;B;5;1;1;2;0;0;1;1;1;3;2;
9;C;5;1;1;2;0;0;1;1;1;1;2;
9;D;5;4;1;2;0;0;0;1;0;0;2;
10;A;1;1;0;0;0;0;1;1;1;6;2;
10;B;1;1;0;0;0;0;0;1;1;5;1;
10;C;1;1;1;0;0;0;0;1;0;0;2;
10;D;1;1;0;0;0;0;1;1;1;1;2;
10;A;2;1;0;2;2;0;0;1;1;1;2;
10;B;2;1;0;2;2;0;0;1;0;0;2;
10;C;2;1;0;0;0;0;0;1;0;0;1;
10;D;2;1;0;0;0;0;1;1;0;0;2;
10;A;3;1;2;2;0;0;1;1;0;0;2;
10;B;3;1;2;2;0;0;1;1;0;0;2;
10;C;3;1;2;2;0;0;1;1;0;0;2;
10;D;3;1;2;2;0;0;1;1;0;0;2;
10;A;4;1;2;2;0;1;1;1;0;0;2;
10;B;4;4;2;2;2;0;1;1;0;0;2;
10;C;4;4;2;2;2;0;1;1;0;0;2;
10;D;4;1;2;2;0;1;1;1;0;0;2;
10;A;5;1;2;2;0;1;1;1;1;3;2;
10;B;5;2;2;2;0;0;1;1;1;0;2;
10;C;5;4;2;2;0;0;1;1;1;1;2;
10;D;5;4;2;2;0;0;1;1;1;3;2;
11;A;1;;;;;;;;;;;
11;B;1;;;;;;;;;;;
11;C;1;;;;;;;;;;;
11;D;1;;;;;;;;;;;
11;A;2;;;;;;;;;;;
11;B;2;;;;;;;;;;;
11;C;2;;;;;;;;;;;
11;D;2;;;;;;;;;;;
11;A;3;;;;;;;;;;;
11;B;3;;;;;;;;;;;
11;C;3;;;;;;;;;;;
11;D;3;;;;;;;;;;;
11;A;4;;;;;;;;;;;
11;B;4;;;;;;;;;;;
11;C;4;;;;;;;;;;;
11;D;4;;;;;;;;;;;
11;A;5;;;;;;;;;;;
11;B;5;;;;;;;;;;;
11;C;5;;;;;;;;;;;
11;D;5;;;;;;;;;;;
12;A;1;;;;;;;;;;;
12;B;1;;;;;;;;;;;
12;C;1;;;;;;;;;;;
12;D;1;;;;;;;;;;;
12;A;2;;;;;;;;;;;
12;B;2;;;;;;;;;;;
12;C;2;;;;;;;;;;;
12;D;2;;;;;;;;;;;
12;A;3;;;;;;;;;;;
12;B;3;;;;;;;;;;;
12;C;3;;;;;;;;;;;
12;D;3;;;;;;;;;;;
12;A;4;;;;;;;;;;;
12;B;4;;;;;;;;;;;
12;C;4;;;;;;;;;;;
12;D;4;;;;;;;;;;;
12;A;5;;;;;;;;;;;
12;B;5;;;;;;;;;;;
12;C;5;;;;;;;;;;;
12;D;5;;;;;;;;;;;
13;A;1;1;1;0;0;0;1;1;1;1;2;
13;B;1;1;1;0;0;0;1;1;1;1;2;
13;C;1;1;1;0;0;0;100;1;1;1;2;
13;D;1;1;1;0;0;0;1;1;1;1;2;
13;A;2;1;1;2;0;0;1;1;0;0;2;
13;B;2;1;1;2;0;0;1;1;1;1;2;
13;C;2;1;1;2;0;0;1;1;1;1;2;
13;D;2;1;1;0;0;0;1;1;1;1;2;
13;A;3;1;2;2;0;0;1;1;0;0;2;
13;B;3;1;2;2;0;0;1;1;1;1;2;
13;C;3;1;2;2;0;0;1;1;1;1;2;
13;D;3;1;2;2;0;0;1;1;1;1;2;
13;A;4;4;2;2;0;0;1;1;0;0;2;
13;B;4;1;2;2;0;0;1;1;0;0;2;
13;C;4;1;2;2;0;0;1;1;0;0;2;
13;D;4;1;2;2;0;0;1;1;0;0;2;
13;A;5;2;2;2;0;0;1;1;0;0;2;
13;B;5;2;2;2;0;0;1;1;0;0;2;
13;C;5;1;2;2;0;1;1;1;0;0;2;
13;D;5;1;2;2;0;0;1;1;0;0;2;
13;A;10;3;2;2;1;1;0;0;0;0;2;
13;B;10;3;2;2;1;1;0;0;0;0;2;
13;C;10;3;2;2;1;1;0;0;0;0;2;
13;D;10;3;2;2;1;0;0;0;0;0;2;
13;A;15;3;2;2;1;1;0;0;0;0;2;
13;B;15;3;2;2;1;1;0;0;0;0;2;
13;C;15;3;2;2;1;1;0;0;0;0;2;
13;D;15;3;2;2;1;1;0;0;0;0;2;
13;A;20;2;2;1;1;1;0;0;0;0;1;
13;B;20;2;2;1;1;1;0;0;0;0;2;
13;C;20;2;2;1;1;1;0;0;0;0;1;
13;D;20;2;2;1;1;1;0;0;0;0;1;
13;A;25;2;2;1;1;0;0;0;0;0;2;
13;B;25;2;0;2;1;0;1;0;0;0;2;
13;C;25;2;2;1;1;0;0;0;0;0;2;
13;D;25;2;2;2;1;0;0;0;0;0;2;
13;A;30;2;1;1;1;1;0;0;0;0;1;
13;B;30;2;1;1;1;1;0;0;0;0;1;
13;C;30;2;2;1;1;1;0;0;0;0;1;
13;D;30;2;2;1;1;1;0;0;0;0;1;
14;A;1;1;1;0;0;0;1;1;1;5;2;
14;B;1;1;0;0;0;0;1;1;1;1;2;
14;C;1;1;0;0;0;0;1;0;1;1;2;
14;D;1;1;0;0;0;0;1;1;1;1;2;
14;A;2;1;2;2;0;0;1;1;0;0;2;
14;B;2;1;1;0;0;0;1;1;1;5;2;
14;C;2;1;2;2;0;0;1;1;0;0;2;
14;D;2;1;1;2;0;1;1;1;0;0;2;
14;A;3;1;2;2;0;0;1;1;0;0;2;
14;B;3;1;1;2;0;0;1;1;1;6;2;
14;C;3;1;2;2;0;0;1;1;0;0;2;
14;D;3;1;2;2;0;0;1;1;0;0;2;
14;A;4;1;2;2;0;0;1;1;0;0;2;
14;B;4;1;2;2;0;1;1;1;0;0;2;
14;C;4;1;2;2;0;1;1;1;0;0;2;
14;D;4;1;2;2;0;0;1;1;0;0;2;
14;A;5;2;2;2;0;0;1;1;0;0;2;
14;B;5;1;1;2;0;0;1;1;1;4;2;
14;C;5;1;2;2;0;0;1;1;0;0;2;
14;D;5;1;1;2;0;100;1;1;1;1;2;
14;A;10;3;2;2;2;1;0;0;0;0;2;
14;B;10;3;2;2;1;1;0;0;0;0;2;
14;C;10;3;2;2;1;1;0;0;0;0;2;
14;D;10;2;2;2;1;1;0;0;0;0;2;
14;A;15;3;2;2;1;1;0;0;0;0;2;
14;B;15;3;2;2;1;1;0;0;0;0;2;
14;C;15;3;2;2;1;1;0;0;0;0;2;
14;D;15;3;2;2;1;1;0;0;0;0;2;
14;A;20;2;2;1;1;1;1;0;0;0;1;
14;B;20;2;2;1;1;1;0;0;0;0;1;
14;C;20;2;2;1;1;1;1;0;0;0;1;
14;D;20;2;2;1;1;1;1;0;0;0;2;
14;A;25;2;1;1;1;0;4;0;0;0;1;
14;B;25;2;1;1;1;0;1;0;0;0;1;
14;C;25;2;2;2;1;1;1;0;0;0;2;
14;D;25;2;1;1;1;0;4;0;0;0;2;
14;A;30;2;1;1;1;1;1;0;0;0;1;
14;B;30;2;1;1;1;1;4;1;0;0;1;
14;C;30;2;2;1;1;1;0;0;0;0;1;
14;D;30;3;1;1;1;0;1;0;0;0;1;
15;A;1;;;;;;;;;;;
15;B;1;;;;;;;;;;;
15;C;1;;;;;;;;;;;
15;D;1;;;;;;;;;;;
15;A;2;;;;;;;;;;;
15;B;2;;;;;;;;;;;
15;C;2;;;;;;;;;;;
15;D;2;;;;;;;;;;;
15;A;3;;;;;;;;;;;
15;B;3;;;;;;;;;;;
15;C;3;;;;;;;;;;;
15;D;3;;;;;;;;;;;
15;A;4;;;;;;;;;;;
15;B;4;;;;;;;;;;;
15;C;4;;;;;;;;;;;
15;D;4;;;;;;;;;;;
15;A;5;;;;;;;;;;;
15;B;5;;;;;;;;;;;
15;C;5;;;;;;;;;;;
15;D;5;;;;;;;;;;;
15;A;10;;;;;;;;;;;
15;B;10;;;;;;;;;;;
15;C;10;;;;;;;;;;;
15;D;10;;;;;;;;;;;
15;A;15;;;;;;;;;;;
15;B;15;;;;;;;;;;;
15;C;15;;;;;;;;;;;
15;D;15;;;;;;;;;;;
15;A;20;;;;;;;;;;;
15;B;20;;;;;;;;;;;
15;C;20;;;;;;;;;;;
15;D;20;;;;;;;;;;;
15;A;25;;;;;;;;;;;
15;B;25;;;;;;;;;;;
15;C;25;;;;;;;;;;;
15;D;25;;;;;;;;;;;
15;A;30;;;;;;;;;;;
15;B;30;;;;;;;;;;;
15;C;30;;;;;;;;;;;
15;D;30;;;;;;;;;;;
16;A;1;1;0;0;0;0;1;1;1;1;2;
16;B;1;1;1;0;0;0;1;1;1;1;1;
16;C;1;1;1;0;0;0;1;1;1;1;2;
16;D;1;1;1;0;0;0;0;1;1;1;2;
16;A;2;1;1;2;0;0;1;1;1;7;2;
16;B;2;2;2;2;2;0;1;1;0;0;2;
16;C;2;1;1;2;0;0;1;1;1;4;2;
16;D;2;1;1;2;0;0;1;1;1;2;2;
16;A;3;1;2;2;0;0;1;1;1;1;2;
16;B;3;2;2;2;2;0;2;1;0;0;2;
16;C;3;1;2;2;0;0;1;1;0;0;2;
16;D;3;1;2;2;0;0;1;1;1;1;2;
16;A;4;1;2;2;0;0;1;1;0;0;2;
16;B;4;2;2;2;2;0;1;1;0;0;2;
16;C;4;1;2;2;0;0;1;1;0;0;2;
16;D;4;1;2;2;0;0;1;1;0;0;2;
16;A;5;2;2;2;2;1;1;1;0;0;2;
16;B;5;2;2;2;2;0;1;1;0;0;2;
16;C;5;1;2;2;0;0;1;1;0;0;2;
16;D;5;1;2;2;0;0;1;1;0;0;2;
16;A;10;3;2;2;1;1;0;0;0;0;2;
16;B;10;3;2;2;1;1;0;0;0;0;2;
16;C;10;3;2;2;2;1;0;0;0;0;2;
16;D;10;3;2;2;1;1;0;0;0;0;2;
16;A;15;3;2;2;1;1;0;0;0;0;2;
16;B;15;3;2;2;1;1;0;0;0;0;2;
16;C;15;3;2;2;1;1;0;0;0;0;2;
16;D;15;3;2;2;1;1;0;0;0;0;2;
16;A;20;2;2;1;1;1;0;0;0;0;2;
16;B;20;2;2;1;1;1;0;0;0;0;1;
16;C;20;3;2;2;1;1;0;0;0;0;2;
16;D;20;2;1;1;1;1;0;0;0;0;1;
16;A;25;2;2;1;1;0;1;0;0;0;1;
16;B;25;2;1;1;1;0;0;0;0;0;1;
16;C;25;2;1;1;1;100;1;0;0;0;1;
16;D;25;2;1;1;1;0;0;0;0;0;2;
16;A;30;2;1;1;1;1;0;0;0;0;1;
16;B;30;2;1;1;0;1;0;0;0;0;1;
16;C;30;2;1;1;1;1;0;0;0;0;1;
16;D;30;2;1;1;1;1;0;0;0;0;1;
17;A;1;1;1;0;0;0;1;1;1;5;2;
17;B;1;1;1;0;0;0;1;1;1;1;2;
17;C;1;1;0;0;0;0;1;1;1;1;2;
17;D;1;1;1;0;0;0;1;1;1;1;2;
17;A;2;1;1;2;0;0;1;1;1;1;2;
17;B;2;1;1;2;0;0;1;1;1;1;2;
17;C;2;1;1;2;0;0;1;1;1;1;2;
17;D;2;1;1;2;0;0;1;1;1;1;2;
17;A;3;1;2;2;0;0;1;1;0;0;2;
17;B;3;1;2;2;0;0;1;1;0;0;2;
17;C;3;1;100;2;0;0;1;1;1;1;2;
17;D;3;1;1;2;0;0;1;1;1;1;2;
17;A;4;1;1;2;0;0;1;1;1;5;2;
17;B;4;1;2;2;2;0;1;1;0;0;2;
17;C;4;1;2;2;2;0;1;1;0;0;2;
17;D;4;1;2;2;0;0;1;1;0;0;2;
17;A;5;1;2;2;0;0;1;1;0;0;2;
17;B;5;2;2;2;2;0;1;1;0;0;2;
17;C;5;1;2;2;0;0;1;1;0;0;2;
17;D;5;1;2;2;0;0;1;1;0;0;2;
17;A;10;3;2;2;0;1;0;0;0;0;2;
17;B;10;3;2;2;1;1;0;0;0;0;2;
17;C;10;3;2;2;0;1;0;0;0;0;2;
17;D;10;3;2;2;0;1;0;0;0;0;2;
17;A;15;2;2;1;1;1;2;0;0;0;2;
17;B;15;3;2;1;1;1;0;0;0;0;2;
17;C;15;3;2;1;1;1;2;0;0;0;1;
17;D;15;2;2;1;1;1;0;0;0;0;2;
17;A;20;2;2;1;1;0;1;0;0;0;1;
17;B;20;5;2;1;1;0;0;0;0;0;2;
17;C;20;2;2;1;1;0;0;0;0;0;1;
17;D;20;2;2;1;1;0;0;0;0;0;1;
17;A;25;2;2;1;1;1;0;0;0;0;1;
17;B;25;2;1;1;1;1;0;0;0;0;2;
17;C;25;2;1;1;1;1;0;0;0;0;1;
17;D;25;2;1;1;1;1;0;0;0;0;1;
18;A;1;1;1;0;0;0;1;1;1;5;2;
18;B;1;1;1;0;0;0;1;1;1;1;2;
18;C;1;1;1;0;0;0;1;1;1;6;2;
18;D;1;1;1;0;0;0;1;1;1;5;2;
18;A;2;1;1;2;0;0;1;1;1;1;2;
18;B;2;1;1;2;0;0;1;1;1;1;2;
18;C;2;1;1;2;0;0;1;1;0;0;2;
18;D;2;1;1;2;0;0;1;1;1;1;2;
18;A;3;1;2;2;0;0;1;1;1;1;2;
18;B;3;1;2;2;0;0;1;1;0;0;2;
18;C;3;1;2;2;0;0;1;1;0;4;2;
18;D;3;1;2;2;0;0;1;1;0;0;2;
18;A;4;1;2;2;2;0;1;1;0;0;2;
18;B;4;1;2;2;1;0;1;1;0;0;2;
18;C;4;1;2;2;1;0;1;1;0;0;2;
18;D;4;1;2;2;2;0;1;1;0;0;2;
18;A;5;4;2;2;0;0;1;1;0;0;2;
18;B;5;2;2;2;0;0;1;1;0;0;2;
18;C;5;1;2;2;0;0;1;1;0;0;2;
18;D;5;1;2;2;0;0;1;1;0;0;2;
18;A;10;3;2;2;1;1;0;0;0;0;2;
18;B;10;3;2;2;1;1;1;0;0;0;2;
18;C;10;3;2;2;0;1;0;0;0;0;2;
18;D;10;3;2;2;0;1;0;0;0;0;2;
18;A;15;3;2;2;2;0;1;1;0;0;2;
18;B;15;3;2;2;2;0;1;1;0;0;2;
18;C;15;3;2;2;2;0;1;1;0;0;2;
18;D;15;3;2;2;2;0;1;0;0;0;2;
18;A;20;3;2;2;1;0;0;0;0;0;2;
18;B;20;3;2;2;1;0;0;0;0;0;2;
18;C;20;3;2;1;2;0;0;0;0;0;2;
18;D;20;3;1;1;1;0;0;0;0;0;2;
18;A;25;3;2;1;2;1;2;0;0;0;2;
18;B;25;3;2;1;1;1;0;0;0;0;2;
18;C;25;3;2;1;2;1;0;0;0;0;2;
18;D;25;2;0;1;1;1;0;0;0;0;1;
19;A;1;6;0;0;0;0;1;1;1;6;1;
19;B;1;6;1;0;0;0;1;1;1;5;1;
19;C;1;1;1;0;0;0;1;1;1;4;1;
19;D;1;1;1;0;0;0;1;1;1;4;2;
19;A;2;4;1;2;0;0;1;1;1;1;2;
19;B;2;2;1;2;0;0;1;1;0;0;2;
19;C;2;1;1;2;0;0;1;1;1;4;2;
19;D;2;1;1;2;0;0;1;1;1;4;2;
19;A;3;1;2;2;0;0;1;1;1;1;2;
19;B;3;1;2;2;0;0;1;1;1;1;2;
19;C;3;1;2;2;0;0;1;1;1;4;2;
19;D;3;1;2;2;0;0;1;1;0;0;2;
19;A;4;1;2;2;2;0;1;1;1;1;2;
19;B;4;1;2;2;1;0;1;1;0;0;2;
19;C;4;1;2;2;2;0;1;1;1;1;2;
19;D;4;1;2;2;2;0;1;1;0;0;2;
19;A;5;2;2;2;0;0;1;1;0;0;2;
19;B;5;2;2;2;0;0;1;1;1;7;2;
19;C;5;1;2;2;0;0;1;1;0;0;2;
19;D;5;1;2;2;0;0;1;1;0;0;2;
19;A;10;3;2;2;1;1;0;0;0;0;2;
19;B;10;3;2;2;0;0;0;0;0;0;2;
19;C;10;3;2;2;0;1;0;0;0;0;2;
19;D;10;3;2;2;0;1;0;0;0;0;2;
19;A;15;3;2;1;1;0;0;1;0;0;1;
19;B;15;2;2;1;1;1;0;1;0;0;2;
19;C;15;3;2;2;2;0;0;0;0;0;2;
19;D;15;3;2;1;1;1;2;1;0;0;2;
19;A;20;2;2;1;1;0;0;0;0;0;2;
19;B;20;2;2;1;1;0;0;0;0;0;1;
19;C;20;2;2;1;1;0;0;0;0;0;2;
19;D;20;2;2;1;1;0;0;0;0;0;1;
19;A;25;2;1;1;1;1;0;0;0;0;1;
19;B;25;2;1;1;1;1;0;0;0;0;1;
19;C;25;2;1;1;1;1;0;0;0;0;1;
19;D;25;2;1;1;1;1;0;0;0;0;1;
20;A;1;6;0;0;0;0;0;1;1;1;2;
20;B;1;4;1;0;0;0;2;1;1;1;2;
20;C;1;1;1;0;0;0;1;1;1;5;2;
20;D;1;1;1;0;0;0;1;1;1;1;2;
20;A;2;1;1;2;0;0;1;1;1;1;2;
20;B;2;1;1;2;0;0;1;1;1;1;2;
20;C;2;1;1;2;0;0;1;1;1;1;2;
20;D;2;1;1;2;0;0;1;1;1;1;2;
20;A;3;1;1;2;0;0;1;1;1;1;2;
20;B;3;4;2;2;0;0;1;1;0;0;2;
20;C;3;1;1;2;0;0;1;1;1;4;2;
20;D;3;1;1;2;0;0;1;1;1;1;2;
20;A;4;1;2;2;2;0;1;1;1;1;2;
20;B;4;2;2;2;2;0;1;1;0;0;2;
20;C;4;1;2;2;2;0;1;1;1;1;2;
20;D;4;1;2;2;2;0;1;1;0;0;2;
20;A;5;2;2;2;2;0;1;1;0;0;2;
20;B;5;2;2;2;0;0;1;1;0;0;2;
20;C;5;2;2;2;0;0;1;1;0;0;2;
20;D;5;1;2;2;0;0;1;1;0;0;2;
20;A;10;3;2;2;0;0;0;0;0;0;2;
20;B;10;3;2;2;1;1;0;0;0;0;2;
20;C;10;3;2;2;0;1;0;0;0;0;2;
20;D;10;3;2;2;0;1;0;0;0;0;2;
20;A;15;2;2;1;1;1;2;1;0;0;2;
20;B;15;3;2;2;1;1;0;1;0;0;2;
20;C;15;3;2;1;1;1;0;1;0;0;2;
20;D;15;3;2;1;1;0;0;1;0;0;2;
20;A;20;2;2;1;1;0;0;0;0;0;2;
20;B;20;2;2;1;1;0;0;0;0;0;2;
20;C;20;2;2;2;1;0;0;0;0;0;2;
20;D;20;2;2;1;1;0;0;0;0;0;2;
20;A;25;2;1;1;1;1;0;0;0;0;1;
20;B;25;2;1;1;1;1;0;0;0;0;2;
20;C;25;3;1;1;1;1;0;0;0;0;1;
20;D;25;2;1;1;1;1;0;0;0;0;1;
21;A;1;1;1;0;0;0;0;1;1;1;2;
21;B;1;1;0;0;0;0;0;1;1;1;2;
21;C;1;1;0;0;0;0;0;1;1;5;2;
21;D;1;1;0;0;0;0;0;1;1;4;2;
21;A;2;1;1;0;0;0;1;1;0;0;2;
21;B;2;1;2;2;0;1;1;1;1;1;2;
21;C;2;1;1;0;0;0;1;1;1;1;2;
21;D;2;1;0;0;0;0;1;1;1;1;2;
21;A;3;2;2;2;0;0;1;1;1;1;2;
21;B;3;1;2;2;0;0;1;1;0;0;2;
21;C;3;1;2;2;0;0;1;1;1;1;2;
21;D;3;1;2;2;0;0;1;1;1;1;2;
21;A;4;1;2;2;0;0;1;1;0;0;2;
21;B;4;2;2;2;0;0;1;1;0;0;2;
21;C;4;1;1;2;2;0;1;1;0;0;2;
21;D;4;1;2;2;2;0;1;1;0;0;2;
21;A;5;2;2;2;0;0;1;1;0;0;2;
21;B;5;2;2;2;0;0;1;1;0;0;2;
21;C;5;1;2;2;0;0;1;1;0;0;2;
21;D;5;1;2;2;0;0;1;1;0;0;2;
21;A;10;3;2;1;1;0;0;1;0;0;2;
21;B;10;3;2;2;2;0;1;1;0;0;2;
21;C;10;2;2;0;1;0;0;0;0;0;2;
21;D;10;3;2;1;1;0;1;1;0;0;2;
21;A;15;2;2;1;1;1;0;0;0;0;2;
21;B;15;3;2;1;1;1;0;0;0;0;2;
21;C;15;3;2;1;1;1;1;1;0;0;1;
21;D;15;2;2;1;1;1;0;0;0;0;2;
21;A;20;2;2;1;1;1;2;0;0;0;2;
21;B;20;3;2;2;1;1;0;0;0;0;2;
21;C;20;3;2;1;1;1;0;1;0;0;1;
21;D;20;2;2;1;1;1;0;0;0;0;2;
21;A;25;2;1;1;1;1;0;0;0;0;2;
21;B;25;2;1;1;1;1;0;0;0;0;1;
21;C;25;2;1;1;1;1;0;0;0;0;1;
21;D;25;2;1;1;1;1;0;0;0;0;1;
21;A;30;2;1;1;1;1;0;0;0;0;1;
21;B;30;2;0;1;1;1;0;0;0;0;1;
21;C;30;2;0;1;1;1;0;0;0;0;1;
21;D;30;2;1;2;1;1;0;0;0;0;1;
21;A;35;2;0;1;1;1;0;0;0;0;1;
21;B;35;2;0;1;1;1;0;0;0;0;1;
21;C;35;2;0;1;1;1;0;0;0;0;1;
21;D;35;2;1;1;1;1;0;0;0;0;1;
22;A;1;1;1;0;0;0;0;1;1;1;2;
22;B;1;1;2;0;0;0;1;1;0;0;2;
22;C;1;1;1;0;0;0;1;1;1;1;1;
22;D;1;1;1;0;0;0;1;1;1;1;1;
22;A;2;4;1;0;0;0;1;1;1;1;2;
22;B;2;1;1;0;0;0;1;1;1;1;2;
22;C;2;1;1;2;0;0;1;1;1;1;2;
22;D;2;1;1;0;0;0;1;1;0;0;2;
22;A;3;1;2;2;0;0;1;1;1;1;2;
22;B;3;1;2;2;0;0;1;1;0;0;2;
22;C;3;1;1;2;0;0;1;1;1;1;2;
22;D;3;1;2;2;0;0;1;1;0;0;2;
22;A;4;1;2;2;2;0;1;1;1;1;2;
22;B;4;1;2;2;0;0;1;1;0;0;2;
22;C;4;1;2;2;2;0;1;1;1;1;2;
22;D;4;1;2;2;0;0;1;1;0;0;2;
22;A;5;2;2;2;2;0;1;1;0;0;2;
22;B;5;1;2;2;0;0;1;1;0;0;2;
22;C;5;2;2;2;2;0;1;1;0;0;2;
22;D;5;1;2;2;0;0;1;1;0;0;2;
22;A;10;2;2;1;1;0;1;0;0;0;2;
22;B;10;3;2;2;1;0;1;0;0;0;2;
22;C;10;2;2;1;1;0;1;1;0;0;2;
22;D;10;2;2;1;1;0;1;1;0;0;2;
22;A;15;2;2;1;1;1;0;1;0;0;1;
22;B;15;2;2;1;1;0;1;0;0;0;2;
22;C;15;3;2;2;1;0;1;1;0;0;2;
22;D;15;2;2;2;1;1;1;1;0;0;2;
22;A;20;2;2;1;1;0;0;0;0;0;1;
22;B;20;2;2;1;1;1;0;1;0;0;2;
22;C;20;3;2;1;1;1;0;1;0;0;2;
22;D;20;3;2;2;1;0;0;0;0;0;2;
22;A;25;2;1;2;1;1;0;0;0;0;1;
22;B;25;2;1;2;1;1;0;0;0;0;1;
22;C;25;2;1;2;1;1;0;0;0;0;1;
22;D;25;1;1;2;1;1;0;0;0;0;1;
22;A;30;2;0;1;1;1;0;0;0;0;1;
22;B;30;2;0;1;1;1;0;0;0;0;1;
22;C;30;2;1;2;1;1;0;0;0;0;1;
22;D;30;2;1;2;1;1;0;0;0;0;1;
22;A;35;2;1;1;1;1;0;0;0;0;1;
22;B;35;2;0;1;1;1;0;0;0;0;1;#*Ingen sårskorpe, men sårdimensioner angivet (1.5x2.5mm)?
22;C;35;2;1;1;1;1;0;0;0;0;1;
22;D;35;2;0;1;1;1;0;0;0;0;1;
23;A;1;1;0;0;0;0;0;1;1;1;2;
23;B;1;1;1;0;0;0;0;1;1;1;2;
23;C;1;1;0;0;0;0;0;1;1;1;2;
23;D;1;1;1;0;0;0;0;1;1;1;2;
23;A;2;1;2;2;0;0;0;1;0;0;2;
23;B;2;2;1;2;0;0;0;1;1;1;2;
23;C;2;1;1;2;0;0;0;1;1;1;2;
23;D;2;1;2;2;0;0;1;1;1;1;2;
23;A;3;1;1;2;0;0;1;1;1;1;2;
23;B;3;1;2;2;0;0;1;1;0;0;2;
23;C;3;1;2;2;0;0;1;1;1;1;2;
23;D;3;1;1;2;0;0;1;1;1;1;2;
23;A;4;2;2;2;2;0;1;1;0;0;2;
23;B;4;1;2;2;0;0;1;1;0;0;2;
23;C;4;1;2;2;0;0;1;1;0;0;2;
23;D;4;1;2;2;2;0;1;1;0;0;2;
23;A;5;2;2;2;0;0;1;1;0;0;2;
23;B;5;2;2;2;0;0;1;1;0;0;2;
23;C;5;1;2;2;1;0;1;1;0;0;2;
23;D;5;1;2;1;1;0;1;1;0;0;2;
23;A;10;3;2;2;2;0;1;0;0;0;2;
23;B;10;3;2;1;1;1;1;1;0;0;2;
23;C;10;3;2;2;2;0;1;1;0;0;2;
23;D;10;3;2;2;2;0;1;1;0;0;2;
23;A;15;3;2;1;1;0;0;1;0;0;2;
23;B;15;2;2;2;1;1;0;0;0;0;2;
23;C;15;3;1;1;1;0;1;1;0;0;2;
23;D;15;3;2;2;1;1;0;1;0;0;2;
23;A;20;2;2;1;1;0;2;1;0;0;1;
23;B;20;3;2;1;1;0;0;1;0;0;2;
23;C;20;3;2;1;1;1;0;0;0;0;2;
23;D;20;3;2;2;1;1;0;1;0;0;2;
23;A;25;2;0;1;1;1;0;0;0;0;1;
23;B;25;2;1;1;1;1;0;0;0;0;1;
23;C;25;2;1;1;1;1;0;0;0;0;1;
23;D;25;2;1;2;1;1;0;0;0;0;1;
23;A;30;2;1;1;1;1;0;0;0;0;1;
23;B;30;2;1;2;1;1;0;0;0;0;1;
23;C;30;2;0;1;1;1;0;0;0;0;1;
23;D;30;2;1;2;1;1;0;0;0;0;1;
23;A;35;2;1;1;1;1;0;0;0;0;1;
23;B;35;2;1;1;1;1;0;0;0;0;1;
23;C;35;2;0;1;1;1;0;0;0;0;1;
23;D;35;2;1;1;1;1;0;0;0;0;1;
24;A;1;1;1;0;0;0;0;1;1;1;2;
24;B;1;1;0;0;0;0;0;1;1;1;2;
24;C;1;1;1;0;0;0;0;1;1;1;2;
24;D;1;1;0;0;0;0;0;1;1;1;2;
24;A;2;2;2;2;0;0;1;1;0;0;1;
24;B;2;1;1;0;0;0;1;1;1;1;2;
24;C;2;1;1;2;0;0;1;1;1;1;2;
24;D;2;1;2;2;0;0;1;1;0;0;2;
24;A;3;2;2;1;0;0;1;1;0;0;2;
24;B;3;1;2;2;2;0;1;1;0;0;2;
24;C;3;1;1;0;0;0;1;1;1;1;2;
24;D;3;1;1;2;2;0;1;1;1;1;2;
24;A;4;2;2;2;1;0;1;1;0;0;2;
24;B;4;1;2;2;2;0;1;1;1;1;2;
24;C;4;1;1;2;2;0;1;1;1;1;2;
24;D;4;1;2;2;2;1;1;1;1;1;2;
24;A;5;2;2;2;0;0;1;1;0;0;2;
24;B;5;2;2;2;0;0;1;1;1;1;2;
24;C;5;4;2;2;0;0;1;1;0;0;2;
24;D;5;4;2;2;0;0;1;1;0;0;2;
24;A;10;3;2;2;1;0;1;1;0;0;2;
24;B;10;2;2;1;1;0;1;1;0;0;2;
24;C;10;3;2;1;1;0;1;1;0;0;2;
24;D;10;3;2;1;1;0;1;1;0;0;2;
24;A;15;2;2;2;1;1;1;0;0;0;2;
24;B;15;3;2;2;1;1;0;1;0;0;2;
24;C;15;2;2;1;1;1;1;1;0;0;2;
24;D;15;2;2;1;1;1;1;1;0;0;2;
24;A;20;3;2;2;1;1;0;0;0;0;2;
24;B;20;2;2;1;1;1;2;1;0;0;2;
24;C;20;3;2;1;1;1;0;1;0;0;2;
24;D;20;3;2;1;1;1;0;1;0;0;2;
24;A;25;2;1;1;1;1;0;0;0;0;1;
24;B;25;2;1;1;1;1;0;0;0;0;1;
24;C;25;3;1;2;1;1;0;0;0;0;1;
24;D;25;2;1;2;1;1;0;0;0;0;1;
24;A;30;2;1;2;1;1;0;0;0;0;1;
24;B;30;2;0;1;1;1;0;0;0;0;1;
24;C;30;2;1;2;1;1;0;0;0;0;1;
24;D;30;2;1;1;1;1;0;0;0;0;1;
24;A;35;2;1;1;1;1;0;0;0;0;1;
24;B;35;2;0;1;1;1;0;0;0;0;1;
24;C;35;2;1;1;1;1;0;0;0;0;1;
24;D;35;2;1;1;1;1;0;0;0;0;1;
25;A;1;4;1;0;0;0;1;1;1;1;2;
25;B;1;2;1;0;0;0;1;1;1;1;2;
25;C;1;1;0;0;0;0;1;1;1;1;2;
25;D;1;1;0;0;0;0;1;1;1;1;2;
25;A;2;4;1;2;0;0;1;1;1;7;2;
25;B;2;2;1;2;0;0;1;1;1;5;2;
25;C;2;1;2;2;0;0;1;1;1;5;2;
25;D;2;1;1;2;0;0;1;1;1;5;2;
25;A;3;1;1;2;0;0;1;1;1;7;2;
25;B;3;1;1;2;0;0;1;1;1;1;2;
25;C;3;1;1;2;0;0;1;1;1;1;2;
25;D;3;1;1;2;0;0;1;1;0;0;2;
25;A;4;1;2;2;0;0;1;1;0;0;2;
25;B;4;1;1;2;2;0;1;1;1;1;2;
25;C;4;1;2;2;0;0;1;1;0;0;2;
25;D;4;1;2;1;2;0;1;1;0;0;2;
25;A;5;2;2;2;2;0;1;1;0;0;2;
25;B;5;2;2;2;2;0;1;1;0;0;2;
25;C;5;1;2;2;2;0;0;1;0;0;2;
25;D;5;1;2;2;1;0;1;1;0;0;2;
25;A;10;3;2;2;1;1;0;0;0;0;1;
25;B;10;3;2;2;2;0;0;0;0;0;2;
25;C;10;3;2;2;1;1;0;0;0;0;2;
25;D;10;3;2;2;1;1;0;0;0;0;2;
25;A;15;3;2;1;1;1;0;0;0;0;1;
25;B;15;2;2;1;1;1;0;1;0;0;1;
25;C;15;2;2;1;1;1;0;0;0;0;1;
25;D;15;3;2;1;1;0;0;1;0;0;2;
25;A;20;2;1;1;1;1;0;0;0;0;1;
25;B;20;3;2;1;1;1;1;1;0;0;1;
25;C;20;3;1;1;1;0;0;1;0;0;2;
25;D;20;2;1;1;1;1;1;0;0;0;2;
25;A;25;3;1;1;1;1;2;1;0;0;2;
25;B;25;2;1;1;1;1;2;1;0;0;1;
25;C;25;3;1;1;1;1;2;1;0;0;1;
25;D;25;3;1;1;1;1;2;1;0;0;1;
25;A;31;2;1;1;1;1;2;0;0;0;1;
25;B;31;2;1;1;1;1;2;0;0;0;1;
25;C;31;2;1;1;1;1;2;1;0;0;1;
25;D;31;2;1;1;1;1;2;0;0;0;1;
25;A;35;2;1;1;1;1;0;0;0;0;1;
25;B;35;2;0;1;1;1;0;0;0;0;1;
25;C;35;2;1;1;1;1;0;0;0;0;1;
25;D;35;2;0;1;1;1;0;0;0;0;1;
26;A;1;1;1;0;0;0;1;1;1;1;2;
26;B;1;1;1;2;0;0;1;1;0;0;2;
26;C;1;1;1;0;0;0;1;1;1;5;2;
26;D;1;1;1;0;0;0;1;1;0;0;2;
26;A;2;1;1;0;0;0;0;1;0;0;2;
26;B;2;1;2;0;0;0;1;1;0;0;2;
26;C;2;1;1;0;0;0;1;1;1;5;2;
26;D;2;1;1;2;0;0;1;1;1;1;2;
26;A;3;2;2;2;0;0;1;1;0;0;2;
26;B;3;1;2;2;0;0;1;1;0;0;2;
26;C;3;1;1;2;0;0;1;1;1;1;2;
26;D;3;1;2;2;0;0;1;1;0;0;2;
26;A;4;2;1;2;0;0;1;1;1;1;2;
26;B;4;1;2;2;0;0;1;1;0;0;2;
26;C;4;1;2;2;0;0;1;1;1;1;2;
26;D;4;1;2;2;0;0;1;1;0;0;2;
26;A;5;2;2;2;2;0;1;1;0;0;2;
26;B;5;1;2;2;2;0;1;1;0;0;2;
26;C;5;1;2;2;2;0;1;1;0;0;2;
26;D;5;1;2;1;1;0;1;1;0;0;2;
26;A;10;3;2;2;2;1;0;0;0;0;2;
26;B;10;3;2;2;1;1;0;0;0;0;2;
26;C;10;3;2;2;1;1;0;0;0;0;1;
26;D;10;3;2;2;1;1;0;0;0;0;1;
26;A;15;2;2;1;1;1;1;1;0;0;2;
26;B;15;2;2;1;1;1;0;1;0;0;2;
26;C;15;3;2;1;1;1;1;1;0;0;1;
26;D;15;2;2;1;1;1;0;0;0;0;1;
26;A;20;2;1;1;1;1;2;1;0;0;1;
26;B;20;2;1;1;1;1;2;1;0;0;2;
26;C;20;3;2;1;1;1;2;1;0;0;1;
26;D;20;2;1;1;1;0;0;1;0;0;2;
26;A;25;2;1;1;1;1;2;1;0;0;1;
26;B;25;3;1;1;1;1;2;0;0;0;1;
26;C;25;3;1;1;1;1;2;1;0;0;1;
26;D;25;2;1;1;1;1;2;0;0;0;1;
26;A;31;2;0;1;1;1;2;0;0;0;1;
26;B;31;3;1;1;1;1;2;0;0;0;1;
26;C;31;3;1;1;1;1;2;0;0;0;1;
26;D;31;2;1;1;1;1;2;0;0;0;1;
26;A;35;2;0;1;1;1;0;0;0;0;1;
26;B;35;2;0;1;1;1;0;0;0;0;1;
26;C;35;2;0;1;1;1;0;0;0;0;1;
26;D;35;2;0;1;1;1;0;0;0;0;1;
27;A;1;1;2;2;0;0;1;1;0;0;2;
27;B;1;2;1;0;0;0;1;1;1;1;2;
27;C;1;1;1;0;0;0;1;1;1;4;2;
27;D;1;1;1;0;0;0;1;1;1;4;1;
27;A;2;1;2;0;0;0;1;1;0;0;2;
27;B;2;1;1;2;0;0;1;1;1;5;2;
27;C;2;1;1;2;0;1;1;1;0;0;2;
27;D;2;1;1;2;0;0;1;1;1;4;2;
27;A;3;1;2;2;0;0;1;1;0;0;2;
27;B;3;1;1;2;0;0;1;1;1;1;2;
27;C;3;1;1;2;0;0;1;1;1;5;2;
27;D;3;1;2;2;0;0;1;1;0;0;2;
27;A;4;4;2;2;0;0;1;1;0;0;2;
27;B;4;2;2;2;2;0;1;1;0;0;2;
27;C;4;1;2;2;0;0;1;1;0;0;2;
27;D;4;1;2;2;0;0;1;1;0;0;2;
27;A;5;2;2;2;0;0;1;1;0;0;2;
27;B;5;100;2;2;2;0;2;100;0;0;2;
27;C;5;4;2;2;1;0;1;0;0;0;2;
27;D;5;3;2;2;0;0;1;1;0;0;2;
27;A;10;3;2;2;1;1;0;0;0;0;2;
27;B;10;3;2;2;1;1;0;0;0;0;2;
27;C;10;3;2;2;1;1;0;0;0;0;1;
27;D;10;3;2;2;1;1;0;0;0;0;1;
27;A;15;3;2;1;1;1;0;0;0;0;2;
27;B;15;3;2;1;1;1;0;0;0;0;2;
27;C;15;3;2;1;1;1;0;0;0;0;2;
27;D;15;2;2;2;1;0;0;0;0;0;1;
27;A;20;3;2;1;1;1;2;0;0;0;2;
27;B;20;2;1;1;1;1;1;1;0;0;1;
27;C;20;3;2;1;1;1;1;1;0;0;2;
27;D;20;3;2;2;1;1;1;1;0;0;1;
27;A;25;2;1;1;1;1;2;0;0;0;1;
27;B;25;3;1;1;1;1;2;1;0;0;1;
27;C;25;3;1;1;1;1;2;0;0;0;2;
27;D;25;3;1;1;1;1;4;1;0;0;1;
27;A;31;2;1;1;1;1;4;0;0;0;1;
27;B;31;2;1;1;1;0;4;0;0;0;1;
27;C;31;2;1;1;1;1;2;0;0;0;1;
27;D;31;2;1;1;1;1;2;0;0;0;1;
27;A;35;2;0;1;1;1;0;0;0;0;1;
27;B;35;2;1;1;1;1;0;0;0;0;1;
27;C;35;2;0;1;1;1;0;0;0;0;1;
27;D;35;2;1;1;1;1;0;0;0;0;1;
28;A;1;1;1;0;0;0;1;1;1;4;1;
28;B;1;1;1;0;0;0;1;1;1;5;1;
28;C;1;1;0;0;0;0;1;1;1;5;1;
28;D;1;1;1;0;0;0;1;1;1;4;1;
28;A;2;1;1;0;0;0;1;1;1;1;1;
28;B;2;1;1;0;0;0;1;1;1;1;2;
28;C;2;1;0;0;0;0;1;1;1;1;2;
28;D;2;1;0;0;0;0;1;1;1;1;2;
28;A;3;1;1;2;0;0;1;1;1;1;2;
28;B;3;1;2;2;0;0;1;1;0;0;2;
28;C;3;1;1;2;0;0;1;1;1;1;2;
28;D;3;1;1;2;0;0;1;1;1;1;2;
28;A;4;1;1;1;0;0;1;1;0;0;2;
28;B;4;1;2;2;0;0;1;1;0;0;2;
28;C;4;1;1;2;2;0;1;1;1;5;2;
28;D;4;1;1;2;0;0;1;1;1;1;2;
28;A;5;1;2;1;0;0;1;1;0;0;2;
28;B;5;1;2;2;0;0;1;1;0;0;2;
28;C;5;1;2;2;0;0;1;1;1;1;2;
28;D;5;1;2;2;0;0;1;1;1;1;2;
28;A;10;3;2;1;1;0;0;1;0;0;2;
28;B;10;3;2;1;1;1;0;1;0;0;2;
28;C;10;3;2;1;1;1;1;1;0;0;2;
28;D;10;2;2;1;2;0;1;1;0;0;2;
28;A;15;3;2;2;1;1;1;1;0;0;2;
28;B;15;3;2;2;1;1;1;1;0;0;2;
28;C;15;3;2;2;1;1;1;1;0;0;2;
28;D;15;2;2;2;1;1;1;1;0;0;2;
28;A;20;3;2;2;1;1;0;0;0;0;2;
28;B;20;3;2;2;1;1;1;0;0;0;2;
28;C;20;3;2;2;1;1;0;0;0;0;2;
28;D;20;2;2;2;1;1;1;0;0;0;2;
28;A;25;2;2;1;1;1;2;0;0;0;2;
28;B;25;2;2;1;1;1;1;1;0;0;2;
28;C;25;3;2;1;1;0;0;1;0;0;1;
28;D;25;2;2;1;1;1;1;1;0;0;2;
28;A;30;2;1;1;1;1;0;0;0;0;2;
28;B;30;2;1;1;1;1;0;0;0;0;2;
28;C;30;3;2;1;1;1;0;0;0;0;2;
28;D;30;2;1;1;1;1;0;0;0;0;2;
29;A;1;1;1;0;0;0;0;1;1;1;2;
29;B;1;1;0;0;0;0;1;1;1;1;2;
29;C;1;1;1;0;0;0;1;1;0;0;2;
29;D;1;1;1;0;0;0;1;1;1;1;1;
29;A;2;1;2;2;0;0;1;1;1;1;2;
29;B;2;1;1;0;0;0;1;1;1;1;2;
29;C;2;1;2;2;0;0;1;1;0;0;2;
29;D;2;1;2;0;0;0;1;1;1;1;1;
29;A;3;1;2;2;0;0;1;1;0;0;2;
29;B;3;1;2;2;0;0;1;1;0;0;2;
29;C;3;1;2;2;0;0;1;1;0;0;2;
29;D;3;1;2;2;0;0;1;1;0;0;2;
29;A;4;1;2;2;2;0;1;1;0;0;2;
29;B;4;1;2;2;2;0;1;1;0;0;2;
29;C;4;1;2;2;0;0;1;1;0;0;2;
29;D;4;1;2;2;0;0;1;1;0;0;2;
29;A;5;2;2;1;0;0;1;1;0;0;2;
29;B;5;2;2;1;0;0;1;1;0;0;2;
29;C;5;1;2;2;0;0;1;1;0;0;2;
29;D;5;1;2;2;0;0;1;1;0;0;2;
29;A;10;3;2;1;1;0;1;1;0;0;2;
29;B;10;3;2;1;1;1;1;1;0;0;2;
29;C;10;3;2;1;1;1;0;1;0;0;2;
29;D;10;3;2;1;1;1;1;1;0;0;2;
29;A;15;3;2;1;1;1;1;1;0;0;2;
29;B;15;3;2;1;1;1;1;1;0;0;2;
29;C;15;3;2;1;1;1;1;1;0;0;2;
29;D;15;3;2;1;1;1;1;1;0;0;2;
29;A;20;3;2;2;1;1;1;0;0;0;2;
29;B;20;2;1;2;1;1;1;0;0;0;2;
29;C;20;3;2;2;1;1;1;0;0;0;2;
29;D;20;3;2;2;1;1;1;0;0;0;2;
29;A;25;2;1;1;1;0;2;0;0;0;1;
29;B;25;3;1;1;1;1;0;1;0;0;1;
29;C;25;2;1;1;1;0;2;1;0;0;1;
29;D;25;3;2;2;1;1;0;1;0;0;1;
29;A;30;2;1;1;1;1;0;0;0;0;1;
29;B;30;2;1;1;1;1;0;0;0;0;1;
29;C;30;2;0;1;1;1;0;0;0;0;1;
29;D;30;3;2;1;1;1;0;0;0;0;1;
30;A;1;1;1;0;0;0;1;1;1;4;1;
30;B;1;1;0;0;0;0;1;1;1;4;2;
30;C;1;1;1;0;0;0;1;1;1;4;2;
30;D;1;1;1;0;0;0;1;1;1;1;2;
30;A;2;1;1;2;0;0;1;1;1;5;2;
30;B;2;1;1;2;0;0;0;0;1;5;2;
30;C;2;1;1;0;0;0;1;1;1;5;2;
30;D;2;1;1;0;0;0;1;1;1;1;2;
30;A;3;1;1;2;0;0;1;1;1;1;2;
30;B;3;1;1;2;0;0;1;1;1;1;2;
30;C;3;1;1;2;0;0;1;1;1;1;2;
30;D;3;1;1;2;0;0;1;1;1;1;2;
30;A;4;1;2;2;2;0;1;1;1;1;2;
30;B;4;1;2;2;2;0;1;1;1;1;2;
30;C;4;1;1;2;2;0;1;1;1;1;2;
30;D;4;1;1;2;2;0;1;1;1;1;2;
30;A;5;100;2;2;2;0;1;1;0;0;2;
30;B;5;2;1;2;2;0;1;1;0;0;2;
30;C;5;1;2;2;2;0;1;1;1;1;1;
30;D;5;1;1;2;2;0;1;1;1;5;2;
30;A;10;3;2;2;2;0;1;0;0;0;2;#* ekstra svaber. Meget mere inflammeret end de andre.
30;B;10;3;2;1;1;1;1;1;0;0;2;
30;C;10;3;2;1;1;0;0;1;0;0;2;
30;D;10;3;2;2;2;0;0;0;0;0;2;
30;A;15;3;2;2;2;1;1;1;0;0;2;
30;B;15;3;2;2;1;1;1;1;0;0;2;
30;C;15;2;2;1;1;1;1;1;0;0;2;
30;D;15;2;2;1;1;1;1;1;0;0;2;
30;A;20;3;2;2;2;1;3;0;0;0;2;
30;B;20;3;2;2;1;1;2;0;0;0;2;
30;C;20;2;1;2;1;1;0;0;0;0;2;
30;D;20;2;2;2;1;1;0;0;0;0;2;
30;A;25;3;2;2;2;0;0;0;0;0;2;
30;B;25;2;2;1;2;0;0;1;0;0;2;
30;C;25;2;1;1;1;1;2;0;0;0;1;
30;D;25;2;2;1;1;1;0;1;0;0;2;
30;A;30;3;2;1;2;0;0;0;0;0;2;
30;B;30;2;1;1;1;1;0;0;0;0;2;
30;C;30;2;1;1;1;1;0;0;0;0;1;
30;D;30;2;1;1;1;1;0;0;0;0;1;
31;A;1;1;1;0;0;0;0;1;1;1;1;
31;B;1;1;1;0;0;0;1;1;1;1;2;
31;C;1;1;1;0;0;0;1;1;1;4;1;
31;D;1;1;1;0;0;0;1;1;1;1;2;
31;A;2;1;2;2;0;0;1;1;0;0;2;
31;B;2;1;1;2;0;0;1;1;1;5;2;
31;C;2;1;1;2;0;0;1;1;1;1;2;
31;D;2;1;2;2;0;0;1;1;0;0;2;
31;A;3;1;2;1;0;0;1;1;1;1;2;
31;B;3;1;1;2;0;1;1;1;1;5;2;
31;C;3;1;1;2;0;0;1;1;1;1;2;
31;D;3;1;1;2;0;0;1;1;0;0;2;
31;A;4;1;2;1;2;0;1;1;0;0;2;
31;B;4;1;2;2;0;0;1;1;0;0;2;
31;C;4;1;2;2;0;0;1;1;1;1;2;
31;D;4;1;2;2;0;0;1;1;0;0;2;
31;A;5;1;2;1;0;0;1;1;0;0;2;
31;B;5;2;2;1;1;0;1;1;0;0;2;
31;C;5;1;2;2;0;0;1;1;0;0;2;
31;D;5;1;2;1;0;0;1;1;0;0;2;
31;A;10;3;2;2;2;0;1;1;0;0;2;
31;B;10;3;2;2;2;0;1;1;0;0;2;
31;C;10;3;2;2;2;0;1;1;0;0;2;
31;D;10;3;2;2;2;0;1;1;0;0;2;
31;A;15;3;2;2;2;1;1;1;0;0;2;
31;B;15;3;1;1;1;1;4;1;0;0;2;
31;C;15;3;2;1;1;1;1;1;0;0;2;
31;D;15;3;2;1;1;1;1;1;0;0;2;
31;A;20;3;2;2;1;1;2;0;0;0;2;
31;B;20;2;1;2;1;1;0;0;0;0;2;
31;C;20;2;2;2;1;1;1;0;0;0;2;
31;D;20;2;2;2;1;1;1;0;0;0;2;
31;A;25;2;2;1;1;1;0;0;0;0;1;
31;B;25;2;2;1;1;1;0;0;0;0;1;
31;C;25;2;2;1;1;1;0;0;0;0;1;
31;D;25;2;2;1;1;1;0;0;0;0;1;
32;A;1;1;0;0;0;0;0;1;1;1;2;
32;B;1;1;0;0;0;0;1;1;1;1;2;
32;C;1;1;1;0;0;0;0;1;1;5;2;
32;D;1;1;1;0;0;0;1;1;1;5;1;
32;A;2;1;1;2;0;0;1;1;1;1;2;
32;B;2;1;1;2;0;0;1;1;1;1;2;
32;C;2;1;1;2;0;0;1;1;1;5;2;
32;D;2;1;1;2;0;0;1;1;1;5;2;
32;A;3;1;1;2;0;0;1;1;1;1;2;
32;B;3;1;2;2;2;0;1;1;1;1;2;
32;C;3;1;1;2;2;0;1;1;1;4;2;
32;D;3;1;1;2;2;0;1;1;1;1;2;
32;A;4;1;2;2;2;0;1;1;1;1;2;
32;B;4;1;2;1;0;0;1;1;1;1;2;
32;C;4;1;2;2;2;0;1;1;0;0;2;
32;D;4;1;2;2;0;0;1;1;1;1;2;
32;A;5;2;2;2;2;0;1;1;1;1;2;
32;B;5;2;2;2;2;0;1;1;0;0;2;
32;C;5;1;2;2;2;0;1;1;0;0;2;
32;D;5;1;2;1;0;0;1;1;0;0;2;
32;A;10;3;2;1;2;0;1;1;0;0;2;
32;B;10;5;1;1;2;0;4;1;0;0;2;
32;C;10;3;2;2;2;0;1;1;0;0;2;
32;D;10;3;2;2;2;0;1;1;0;0;2;
32;A;15;2;2;1;1;1;1;1;0;0;2;
32;B;15;2;2;1;1;1;1;1;0;0;2;
32;C;15;3;2;2;2;1;3;1;0;0;2;
32;D;15;3;2;1;1;1;3;1;0;0;2;
32;A;20;2;2;2;1;1;0;0;0;0;2;
32;B;20;2;2;2;1;1;0;0;0;0;2;
32;C;20;3;2;2;2;1;2;0;0;0;2;
32;D;20;3;2;2;1;1;0;0;0;0;2;
32;A;25;2;2;1;1;1;0;0;0;0;1;
32;B;25;2;2;1;1;1;0;0;0;0;1;
32;C;25;2;2;1;1;1;0;0;0;0;1;
32;D;25;2;1;1;1;1;0;0;0;0;1;
33;A;1;1;1;0;0;0;1;1;1;5;2;
33;B;1;1;1;0;0;0;1;1;1;1;2;
33;C;1;1;1;0;0;0;0;1;1;5;2;
33;D;1;1;1;0;0;0;1;1;1;5;2;
33;A;2;1;1;0;0;0;1;1;1;1;2;
33;B;2;1;1;2;0;0;1;1;1;1;2;
33;C;2;1;1;2;0;0;1;1;1;1;2;
33;D;2;1;1;2;0;0;1;1;1;1;2;
33;A;3;1;2;2;0;0;1;1;1;1;2;
33;B;3;4;2;1;0;0;1;1;0;0;2;
33;C;3;1;1;2;0;0;1;1;1;1;2;
33;D;3;1;1;2;0;0;1;1;1;5;2;
33;A;4;1;2;1;2;0;1;1;1;1;2;
33;B;4;1;2;2;2;0;1;1;0;0;2;
33;C;4;1;2;2;0;0;1;1;1;1;2;
33;D;4;1;2;2;2;0;1;1;1;1;2;
33;A;5;1;2;2;2;0;1;1;1;1;2;
33;B;5;2;2;2;2;0;1;1;0;0;2;
33;C;5;1;2;2;0;0;1;1;0;0;2;
33;D;5;1;2;2;0;0;1;1;0;0;2;
33;A;10;3;2;2;2;0;1;1;0;0;2;
33;B;10;3;2;2;2;0;1;1;0;0;2;
33;C;10;3;1;1;1;0;1;1;1;1;2;
33;D;10;3;2;1;2;0;1;1;0;0;2;
33;A;15;3;2;2;2;1;3;2;0;0;2;
33;B;15;3;2;1;1;1;3;1;0;0;2;
33;C;15;2;1;1;1;1;1;1;0;0;2;
33;D;15;3;2;1;1;1;3;1;0;0;2;
33;A;20;2;1;2;1;1;0;0;0;0;2;
33;B;20;3;2;2;1;1;1;0;0;0;2;
33;C;20;2;1;2;1;1;0;0;0;0;2;
33;D;20;3;2;2;1;1;0;0;0;0;2;
33;A;25;2;2;1;1;1;0;0;0;0;1;
33;B;25;2;2;1;1;1;0;0;0;0;1;
33;C;25;2;2;1;1;1;0;0;0;0;1;
33;D;25;2;2;1;1;1;0;0;0;0;1;
34;A;1;1;1;0;0;0;1;1;1;1;1;
34;B;1;1;0;0;0;0;1;1;1;1;2;
34;C;1;1;0;0;0;0;1;1;1;1;2;
34;D;1;1;1;0;0;0;1;1;1;5;1;
34;A;2;1;1;0;0;0;1;1;1;4;2;
34;B;2;1;1;0;0;0;0;1;1;1;2;
34;C;2;1;1;0;0;0;1;1;1;1;2;
34;D;2;1;1;0;0;0;1;1;1;5;2;
34;A;3;1;1;2;2;0;1;1;1;1;2;
34;B;3;1;2;2;2;0;1;1;0;0;2;
34;C;3;1;1;2;2;0;1;1;0;0;2;
34;D;3;1;2;2;2;0;1;1;0;0;2;
34;A;4;1;2;2;0;0;1;1;1;1;2;
34;B;4;1;2;2;2;0;1;1;0;0;2;
34;C;4;1;1;2;0;0;1;1;0;0;2;
34;D;4;1;1;0;0;0;1;1;1;1;2;
34;A;5;2;2;2;0;0;1;1;0;0;2;
34;B;5;2;2;2;0;0;1;1;0;0;2;
34;C;5;1;1;2;0;0;1;1;1;1;2;
34;D;5;1;2;2;0;0;1;1;0;0;2;
34;A;10;3;2;1;2;0;0;1;0;0;2;
34;B;10;3;2;1;2;0;0;0;0;3;2;
34;C;10;3;2;1;2;0;0;0;0;3;2;
34;D;10;3;2;1;2;0;0;0;0;3;2;
35;A;1;1;1;0;0;0;1;1;1;1;2;
35;B;1;1;0;0;0;0;1;1;1;1;2;
35;C;1;1;0;0;0;0;1;1;1;1;2;
35;D;1;1;0;0;0;0;1;1;1;1;2;
35;A;2;1;2;0;0;0;1;1;0;0;2;
35;B;2;1;2;0;0;0;1;1;0;0;2;
35;C;2;1;1;0;0;0;1;1;1;1;2;
35;D;2;1;1;2;2;0;1;1;1;4;2;
35;A;3;1;2;0;0;0;1;1;0;0;2;
35;B;3;1;2;0;0;0;1;1;0;0;2;
35;C;3;1;2;2;2;0;1;1;0;0;2;
35;D;3;1;2;2;2;0;1;1;0;0;2;
35;A;4;1;2;2;0;0;1;1;0;0;2;
35;B;4;1;2;2;0;0;1;1;0;0;2;
35;C;4;1;2;2;0;0;1;1;1;1;2;
35;D;4;1;2;2;0;0;1;1;0;0;2;
35;A;5;1;2;1;2;1;1;1;0;0;2;
35;B;5;1;2;1;0;0;1;1;0;0;2;
35;C;5;1;2;2;0;0;1;1;0;0;2;
35;D;5;1;2;2;2;0;1;1;0;0;2;
35;A;10;3;2;2;2;0;0;0;0;0;2;
35;B;10;3;2;2;2;0;0;0;0;0;2;
35;C;10;3;2;2;1;1;1;0;0;0;2;
35;D;10;3;2;2;1;1;0;0;0;0;2;
35;A;15;3;2;1;1;1;1;0;0;0;2;
35;B;15;3;2;1;1;1;2;0;0;0;1;
35;C;15;2;2;1;1;1;0;0;0;0;2;
35;D;15;3;1;1;1;1;1;1;0;0;1;
35;A;20;2;2;1;1;1;0;0;0;0;1;
35;B;20;2;2;1;1;1;0;0;0;0;1;
35;C;20;2;2;1;1;1;0;0;0;0;1;
35;D;20;2;2;1;1;1;0;0;0;0;1;
36;A;1;1;1;0;0;0;1;1;1;5;2;
36;B;1;1;1;0;0;0;1;1;0;0;2;
36;C;1;1;1;0;0;0;0;1;1;1;2;
36;D;1;1;1;0;0;0;1;1;1;1;2;
36;A;2;1;1;0;0;0;1;1;1;1;2;
36;B;2;1;2;0;0;0;1;1;0;0;2;
36;C;2;1;2;0;0;0;1;1;0;0;2;
36;D;2;1;2;0;0;0;1;1;0;0;2;
36;A;3;1;2;2;2;0;1;1;1;1;2;
36;B;3;1;2;0;0;0;1;1;0;0;2;
36;C;3;2;2;0;0;0;1;1;0;0;2;
36;D;3;1;2;0;0;0;1;1;0;0;2;
36;A;4;1;2;2;0;0;1;1;1;3;2;
36;B;4;1;2;2;0;0;1;1;0;0;2;
36;C;4;1;2;2;0;0;1;1;0;0;2;
36;D;4;1;2;2;0;0;1;1;0;0;2;
36;A;5;1;2;2;2;0;1;1;0;0;2;
36;B;5;1;2;2;0;0;1;1;0;0;2;
36;C;5;1;2;2;0;0;1;1;0;0;2;
36;D;5;1;2;1;0;0;1;1;0;0;2;
36;A;10;3;2;2;2;0;0;0;0;0;2;
36;B;10;3;2;2;2;0;0;0;0;0;2;
36;C;10;3;2;2;2;0;0;0;0;0;2;
36;D;10;3;2;2;2;1;0;0;0;0;2;
36;A;15;3;2;1;1;1;0;1;0;0;1;
36;B;15;3;2;1;1;1;2;0;0;0;2;
36;C;15;3;2;1;1;0;0;0;0;0;1;
36;D;15;3;2;1;1;1;2;0;0;0;1;
36;A;20;3;2;1;1;1;0;0;0;0;1;
36;B;20;3;2;1;1;1;0;0;0;0;2;
36;C;20;3;2;1;1;1;0;0;0;0;2;
36;D;20;2;2;1;1;1;0;0;0;0;1;
37;A;1;1;1;0;0;0;1;1;1;1;2;
37;B;1;1;1;0;0;0;0;1;1;1;1;
37;C;1;1;1;0;0;0;1;1;1;4;2;
37;D;1;1;1;0;0;0;1;1;1;4;2;
37;A;2;1;2;0;0;0;1;1;1;5;2;
37;B;2;1;2;0;0;0;0;0;0;0;2;
37;C;2;1;2;0;0;0;1;1;0;0;2;
37;D;2;1;2;0;0;0;1;1;1;5;2;
37;A;3;1;2;0;0;0;1;1;0;0;2;
37;B;3;1;2;0;0;0;0;1;0;0;2;
37;C;3;1;2;0;0;0;1;1;0;0;2;
37;D;3;1;2;2;2;0;1;1;0;0;2;
37;A;4;1;2;2;0;0;1;1;0;0;2;
37;B;4;1;2;2;0;0;1;1;0;0;2;
37;C;4;1;2;2;0;0;1;1;0;0;2;
37;D;4;1;2;2;0;0;1;1;0;0;2;
37;A;5;1;2;2;2;0;1;1;1;1;2;
37;B;5;2;2;1;0;0;1;1;0;0;2;
37;C;5;1;2;1;0;0;1;1;0;0;2;
37;D;5;1;2;1;0;0;1;1;0;0;2;
37;A;10;3;2;2;1;1;0;0;0;0;2;
37;B;10;3;2;2;1;1;0;0;0;0;2;
37;C;10;3;2;2;2;1;0;0;0;0;2;
37;D;10;3;2;2;1;1;0;0;0;0;2;
37;A;15;3;2;1;1;1;1;0;0;0;2;
37;B;15;3;2;1;1;1;0;0;0;0;2;
37;C;15;3;2;1;1;1;0;0;0;0;2;
37;D;15;3;2;1;1;1;0;0;0;0;2;
37;A;20;2;1;1;1;1;0;0;0;0;2;
37;B;20;2;2;1;1;1;0;0;0;0;2;
37;C;20;3;2;1;1;1;0;0;0;0;1;
37;D;20;2;2;1;1;1;0;0;0;0;1;
38;A;1;4;1;0;0;0;1;1;1;6;2;
38;B;1;1;1;0;0;0;1;1;1;6;2;
38;C;1;1;1;0;0;0;1;1;1;1;2;
38;D;1;1;1;0;0;0;1;1;1;1;1;
38;A;2;1;2;0;0;0;1;1;0;0;2;
38;B;2;1;2;0;0;0;0;1;0;0;2;
38;C;2;1;2;0;0;0;1;1;0;0;2;
38;D;2;1;2;0;0;0;0;1;0;0;2;
38;A;3;1;2;0;0;0;1;1;0;0;2;
38;B;3;1;2;0;0;0;0;1;0;0;2;
38;C;3;1;1;0;0;0;1;1;1;1;2;
38;D;3;1;2;0;0;0;1;1;0;0;2;
38;A;4;1;2;2;0;0;1;1;0;0;2;
38;B;4;1;2;2;0;0;1;1;0;0;2;
38;C;4;1;2;2;0;0;1;1;1;1;2;
38;D;4;1;2;2;0;0;1;1;0;0;2;
38;A;5;2;2;1;1;1;1;1;0;0;2;
38;B;5;2;2;1;1;0;1;1;0;0;2;
38;C;5;1;2;2;0;0;1;1;0;0;2;
38;D;5;1;2;2;2;0;1;1;0;0;2;
38;A;10;2;2;2;1;1;0;0;0;0;1;
38;B;10;3;2;2;2;0;0;0;0;0;2;
38;C;10;3;2;2;2;1;0;0;0;0;2;
38;D;10;3;2;2;1;1;0;0;0;0;2;
38;A;15;2;2;1;1;1;1;1;0;0;2;
38;B;15;3;2;1;1;1;1;1;0;0;2;
38;C;15;3;1;1;1;1;1;0;0;0;2;
38;D;15;3;2;2;1;1;1;1;0;0;2;
38;A;20;2;2;1;1;1;0;0;0;0;2;
38;B;20;2;2;1;1;1;0;0;0;0;2;
38;C;20;2;2;1;1;1;0;0;0;0;2;
38;D;20;3;2;1;1;1;0;0;0;0;2;
39;A;1;1;1;0;0;0;1;1;1;1;2;
39;B;1;1;1;0;0;0;1;1;1;1;2;
39;C;1;1;1;0;0;0;1;1;1;5;2;
39;D;1;1;1;0;0;0;1;1;1;5;2;
39;A;2;1;2;0;0;0;1;1;1;1;2;
39;B;2;1;2;0;0;0;1;1;0;0;2;
39;C;2;1;2;0;0;0;1;1;1;1;2;
39;D;2;1;1;0;0;0;1;1;1;1;2;
39;A;3;1;2;2;0;0;1;1;1;1;2;
39;B;3;1;1;2;2;0;1;1;1;1;2;
39;C;3;1;2;2;0;0;1;1;1;3;2;
39;D;3;1;2;2;0;0;1;1;1;1;2;
39;A;4;1;2;2;0;0;1;1;0;0;2;
39;B;4;1;2;2;0;0;1;1;0;0;2;
39;C;4;1;2;2;0;0;1;1;1;1;2;
39;D;4;1;2;2;0;0;1;1;1;1;2;
39;A;5;1;2;1;1;0;1;1;0;0;2;
39;B;5;2;2;1;1;0;1;1;0;0;2;
39;C;5;1;2;2;0;0;1;1;0;0;2;
39;D;5;1;2;1;0;0;1;1;1;1;2;
39;A;10;3;2;2;1;1;1;1;0;0;2;
39;B;10;3;2;2;1;1;1;1;0;0;2;
39;C;10;3;2;2;1;1;0;0;0;0;2;
39;D;10;3;2;2;1;1;0;0;0;0;2;
39;A;15;3;2;1;1;1;0;0;0;0;2;
39;B;15;3;2;1;2;1;0;0;0;0;2;
39;C;15;3;2;1;1;1;0;0;0;0;2;
39;D;15;3;2;1;2;1;0;0;0;3;2;
40;A;1;1;1;0;0;0;1;1;1;1;2;
40;B;1;1;0;0;0;0;0;1;1;1;2;
40;C;1;1;0;0;0;0;1;1;1;1;2;
40;D;1;1;1;0;0;0;1;1;1;1;1;
40;A;2;1;2;0;0;0;0;1;0;0;2;
40;B;2;1;0;0;0;0;1;1;1;1;2;
40;C;2;1;2;0;0;0;0;1;0;0;2;
40;D;2;1;2;0;0;0;1;1;0;0;2;
40;A;3;1;2;2;0;0;0;1;0;0;2;
40;B;3;1;1;2;0;0;1;1;1;1;2;
40;C;3;1;1;2;0;0;1;1;1;1;2;
40;D;3;1;2;2;0;0;1;1;0;0;2;
40;A;4;2;2;1;0;0;1;1;0;0;2;
40;B;4;1;1;2;0;0;1;1;1;6;2;
40;C;4;1;2;2;2;0;1;1;0;0;2;
40;D;4;1;1;2;0;0;1;1;1;6;2;
40;A;5;2;2;1;1;0;1;1;0;0;2;
40;B;5;1;2;2;2;0;1;1;1;6;2;
40;C;5;1;2;1;2;0;1;1;0;0;2;
40;D;5;1;2;1;0;0;1;1;0;0;2;
40;A;10;3;2;2;1;1;0;0;0;0;2;
40;B;10;3;2;2;1;1;0;0;0;0;2;
40;C;10;3;2;0;1;1;1;0;0;0;2;
40;D;10;3;2;2;1;1;0;0;0;0;2;
40;A;15;3;2;1;2;1;0;0;0;0;2;
40;B;15;3;2;1;1;1;0;0;0;0;2;
40;C;15;2;2;1;1;1;1;0;0;0;2;
40;D;15;3;2;1;1;1;0;0;0;0;1;
41;A;1;1;0;0;0;0;0;1;1;1;2;
41;B;1;1;0;0;0;0;1;1;1;5;2;
41;C;1;1;1;0;0;0;1;1;1;5;2;
41;D;1;1;0;0;0;0;1;1;1;5;2;
41;A;2;1;1;0;0;0;1;1;1;1;2;
41;B;2;1;2;0;0;0;1;1;0;0;2;
41;C;2;1;2;0;0;0;1;1;0;0;2;
41;D;2;1;1;0;0;0;1;1;1;5;2;
41;A;3;1;1;0;0;0;1;1;1;1;2;
41;B;3;1;2;2;0;0;0;1;0;0;2;
41;C;3;1;2;2;0;0;1;1;1;1;2;
41;D;3;1;1;0;0;0;1;1;1;3;2;
41;A;4;1;2;2;2;0;1;1;1;1;2;
41;B;4;2;2;1;0;0;1;1;1;1;2;
41;C;4;1;2;2;0;0;1;1;0;0;2;
41;D;4;1;2;2;0;0;1;1;1;6;2;
41;A;5;1;2;2;2;0;1;1;0;0;2;
41;B;5;2;2;1;1;0;1;1;0;0;2;
41;C;5;1;2;1;0;0;1;1;0;0;2;
41;D;5;1;2;1;2;0;1;1;0;0;2;
41;A;10;3;2;2;1;1;0;0;0;0;2;
41;B;10;3;2;2;1;1;1;0;0;0;2;
41;C;10;3;2;2;1;1;0;0;0;0;2;
41;D;10;3;2;2;1;1;0;0;0;0;2;
41;A;15;3;2;1;1;1;0;1;0;3;2;
41;B;15;3;2;1;1;1;0;0;0;0;2;
41;C;15;2;2;1;1;1;0;0;0;0;2;
41;D;15;3;2;1;2;1;0;0;0;0;2;
42;A;1;1;0;0;0;0;1;1;1;5;2;
42;B;1;1;0;0;0;0;1;1;1;5;2;
42;C;1;1;0;0;0;0;1;1;1;5;2;
42;D;1;1;1;0;0;0;1;1;1;5;2;
42;A;2;1;1;0;0;0;1;1;1;1;2;
42;B;2;1;1;0;0;0;1;1;1;1;2;
42;C;2;1;2;0;0;0;1;1;1;1;2;
42;D;2;1;2;0;0;0;1;1;1;5;2;
42;A;3;1;2;2;0;0;1;1;1;3;2;
42;B;3;1;2;2;0;0;1;1;0;0;2;
42;C;3;1;2;2;0;0;1;1;0;0;2;
42;D;3;1;2;2;0;0;1;1;1;1;2;
42;A;4;1;2;2;2;0;1;1;1;6;2;
42;B;4;1;2;1;0;0;1;1;0;0;2;
42;C;4;1;2;2;2;0;1;1;0;0;2;
42;D;4;1;2;2;0;0;1;1;0;0;2;
42;A;5;1;2;1;1;0;1;1;0;0;2;
42;B;5;1;2;1;0;0;1;1;0;0;2;
42;C;5;1;2;1;0;0;1;1;0;0;2;
42;D;5;1;2;1;0;0;1;1;0;0;2;
42;A;10;3;2;2;1;1;0;0;0;0;2;
42;B;10;3;2;2;1;1;0;0;0;0;2;
42;C;10;3;2;2;1;1;0;0;0;0;2;
42;D;10;3;2;2;1;1;0;0;0;0;2;
42;A;15;3;2;1;1;1;0;0;0;0;2;
42;B;15;3;2;1;1;1;0;0;0;0;2;
42;C;15;3;2;1;2;1;0;0;0;3;2;
42;D;15;3;2;1;2;1;0;0;0;0;2;
43;A;1;1;0;0;0;0;0;1;1;1;2;
43;B;1;1;1;0;0;0;0;1;1;1;2;
43;C;1;1;1;0;0;0;0;1;1;5;1;
43;D;1;1;1;0;0;0;0;1;1;5;1;
43;A;2;1;1;0;0;0;1;1;1;7;2;
43;B;2;1;1;0;0;0;1;1;1;1;2;
43;C;2;1;1;0;0;0;1;1;1;1;2;
43;D;2;1;2;0;0;0;1;1;1;1;2;
43;A;3;1;1;0;0;0;1;1;1;6;2;
43;B;3;1;2;2;0;0;0;1;0;0;2;
43;C;3;1;2;0;0;0;1;1;1;1;2;
43;D;3;1;2;0;0;0;1;1;1;1;2;
43;A;4;1;1;2;0;0;1;1;1;1;2;
43;B;4;4;2;2;0;0;1;1;0;0;2;
43;C;4;1;2;2;0;0;1;1;0;0;2;
43;D;4;1;2;2;0;0;1;1;0;0;2;
43;A;5;1;2;2;2;0;1;1;1;5;2;
43;B;5;2;2;2;2;0;0;1;0;0;2;
43;C;5;1;2;2;2;0;0;1;0;0;2;
43;D;5;1;2;2;2;0;1;1;1;5;2;
43;A;10;3;2;1;2;0;0;1;0;3;2;
43;B;10;3;2;1;1;1;0;0;0;0;2;
43;C;10;3;2;1;1;1;0;0;0;3;2;
43;D;10;3;2;1;1;1;0;0;0;0;2;
44;A;1;1;1;0;0;0;1;1;1;5;2;
44;B;1;1;1;0;0;0;1;1;1;1;1;
44;C;1;1;1;0;0;0;1;1;1;5;1;
44;D;1;1;1;0;0;0;1;1;1;5;2;
44;A;2;1;1;0;0;0;1;1;1;1;2;
44;B;2;1;2;0;0;0;1;1;1;1;2;
44;C;2;1;2;0;0;0;1;1;1;1;2;
44;D;2;1;2;0;0;0;1;1;1;4;2;
44;A;3;1;2;2;0;0;1;1;0;0;2;
44;B;3;1;2;2;0;0;1;1;0;0;2;
44;C;3;1;2;2;0;0;1;1;0;0;2;
44;D;3;1;2;2;0;0;1;1;0;0;2;
44;A;4;2;2;2;2;0;1;1;0;0;2;
44;B;4;1;2;1;0;0;1;1;0;0;2;
44;C;4;1;2;1;0;0;1;1;0;0;2;
44;D;4;1;2;2;0;0;1;1;0;0;2;
44;A;5;2;2;2;2;0;1;1;0;0;2;
44;B;5;2;2;1;1;0;1;1;0;0;2;
44;C;5;1;2;1;0;0;1;1;0;0;2;
44;D;5;1;2;1;0;0;1;1;0;0;2;
44;A;10;3;2;2;1;1;0;0;0;0;2;
44;B;10;3;2;2;2;0;0;0;0;0;2;
44;C;10;3;2;2;2;0;0;0;0;0;2;
44;D;10;3;2;2;2;0;0;0;0;0;2;
44;A;15;3;2;1;1;1;0;0;0;0;2;
44;B;15;3;2;1;1;1;0;0;0;0;2;
44;C;15;3;2;1;1;1;0;0;0;0;2;
44;D;15;3;2;1;1;1;0;0;0;0;2;
45;A;1;1;0;0;0;0;0;1;1;1;1;
45;B;1;1;0;0;0;0;1;1;1;1;1;
45;C;1;1;1;0;0;0;0;1;0;0;2;
45;D;1;1;0;0;0;0;1;1;1;1;2;
45;A;2;1;1;0;0;0;1;1;1;1;2;
45;B;2;1;1;0;0;0;1;1;1;1;2;
45;C;2;1;1;0;0;0;1;1;1;1;2;
45;D;2;1;1;0;0;0;1;1;1;1;2;
45;A;3;1;2;2;0;0;1;1;1;1;2;
45;B;3;1;2;2;0;0;1;1;1;1;2;
45;C;3;1;2;2;0;0;1;1;1;1;2;
45;D;3;1;2;2;0;0;1;1;1;1;2;
45;A;4;1;2;1;0;0;1;1;1;1;2;
45;B;4;2;2;2;0;0;1;1;0;0;2;
45;C;4;1;2;2;0;0;1;1;0;0;2;
45;D;4;1;2;2;2;0;1;1;0;0;2;
45;A;5;2;2;1;0;0;1;1;0;0;2;
45;B;5;2;2;1;1;0;1;1;0;0;2;
45;C;5;1;2;1;1;0;1;1;0;0;2;
45;D;5;1;2;1;0;0;1;1;0;0;2;
45;A;10;3;2;2;1;1;0;1;0;0;2;
45;B;10;3;2;2;2;0;0;0;0;0;2;
45;C;10;3;2;2;1;1;0;0;0;0;2;
45;D;10;3;2;2;1;1;0;0;0;0;2;
45;A;15;3;2;1;1;1;0;0;0;0;2;
45;B;15;3;2;1;1;1;0;0;0;0;2;
45;C;15;2;2;1;1;1;0;0;0;0;2;
45;D;15;3;2;1;1;1;0;0;0;0;2;
46;A;1;1;0;0;0;0;1;1;1;1;1;
46;B;1;1;1;0;0;0;1;1;1;1;1;
46;C;1;1;0;0;0;0;1;1;1;1;1;
46;D;1;1;1;0;0;0;1;1;1;1;2;
46;A;2;1;2;0;0;0;0;1;1;1;2;
46;B;2;1;1;0;0;0;0;1;1;1;2;
46;C;2;1;1;0;0;0;1;1;1;1;2;
46;D;2;1;2;0;0;0;0;0;0;0;2;
46;A;3;1;2;2;0;0;1;1;0;0;2;
46;B;3;1;2;2;0;0;1;1;1;6;2;
46;C;3;1;2;2;0;0;1;1;1;6;2;
46;D;3;1;2;1;0;0;1;1;0;0;2;
46;A;4;2;2;2;2;0;1;1;0;0;2;
46;B;4;1;1;2;0;0;1;1;1;5;2;
46;C;4;1;2;2;0;0;1;1;1;1;2;
46;D;4;1;2;1;0;0;1;1;0;0;2;
46;A;5;2;2;2;2;0;0;1;1;4;2;
46;B;5;1;2;1;1;0;1;1;1;4;2;
46;C;5;1;2;1;1;1;1;1;0;0;2;
46;D;5;1;2;1;1;0;1;1;0;0;2;
46;A;10;2;2;2;1;1;0;0;0;0;2;
46;B;10;3;2;2;2;0;0;1;0;0;2;
46;C;10;2;2;2;1;1;0;0;0;0;2;
46;D;10;3;2;2;1;1;0;0;0;0;2;
46;A;15;2;2;1;1;1;0;0;0;0;2;
46;B;15;2;2;1;1;1;0;0;0;0;2;
46;C;15;2;1;1;1;1;0;0;0;0;2;
46;D;15;2;2;1;1;1;0;0;0;0;2;
47;A;1;1;0;0;0;0;1;1;1;1;2;
47;B;1;1;0;0;0;0;1;1;1;1;2;
47;C;1;1;1;0;0;0;1;1;1;1;2;
47;D;1;1;1;0;0;0;1;1;1;1;2;
47;A;2;1;1;0;0;0;1;1;1;1;2;
47;B;2;1;1;0;0;0;1;1;1;1;2;
47;C;2;1;1;0;0;0;1;1;1;1;2;
47;D;2;1;1;0;0;0;1;1;1;1;2;
47;A;3;1;1;0;0;0;1;1;1;1;2;
47;B;3;1;1;0;0;0;1;1;1;3;2;
47;C;3;1;2;0;0;0;1;1;1;1;2;
47;D;3;1;2;0;0;0;1;1;1;1;2;
47;A;4;1;2;2;0;0;1;1;0;0;2;
47;B;4;1;2;2;0;0;1;1;0;0;2;
47;C;4;1;2;2;0;0;1;1;0;0;2;
47;D;4;1;2;2;0;0;1;1;0;0;2;
47;A;5;1;2;2;0;0;1;1;0;0;2;
47;B;5;1;2;2;0;0;1;1;0;0;2;
47;C;5;1;2;2;0;0;1;1;0;0;2;
47;D;5;1;2;2;0;0;1;1;0;0;2;
47;A;10;3;2;1;1;1;0;0;0;0;2;
47;B;10;3;2;1;1;1;0;0;0;0;2;
47;C;10;3;2;1;1;1;0;0;0;0;2;
47;D;10;2;2;1;1;1;0;0;0;0;2;
48;A;1;1;0;0;0;0;0;1;1;5;2;
48;B;1;1;0;0;0;0;0;1;1;5;2;
48;C;1;1;1;0;0;0;0;1;1;5;2;
48;D;1;1;1;0;0;0;0;1;1;5;2;
48;A;2;1;2;0;0;0;1;1;1;1;2;
48;B;2;1;1;0;0;0;1;1;1;1;2;
48;C;2;1;1;0;0;0;1;1;1;1;2;
48;D;2;1;1;0;0;0;1;1;1;1;2;
48;A;3;1;2;2;0;0;1;1;1;1;2;
48;B;3;1;2;1;0;0;1;1;1;4;2;
48;C;3;1;2;2;0;0;1;1;1;5;2;
48;D;3;1;2;2;0;0;1;1;1;1;2;
48;A;4;1;2;2;2;0;1;1;0;0;2;
48;B;4;1;2;1;2;0;1;1;0;0;2;
48;C;4;1;2;1;1;0;1;1;0;0;2;
48;D;4;1;2;1;0;0;1;1;0;0;2;
48;A;5;1;2;1;1;0;1;1;0;0;2;
48;B;5;2;2;1;1;0;1;1;0;0;2;
48;C;5;1;2;1;1;0;0;1;0;0;2;
48;D;5;2;2;1;2;0;1;1;0;0;1;
48;A;10;3;2;2;1;1;0;1;0;0;2;
48;B;10;3;2;2;1;1;0;0;0;0;2;
48;C;10;2;2;2;1;1;0;0;0;0;2;
48;D;10;3;2;2;1;1;0;0;0;0;2;
48;A;15;3;2;1;1;1;0;1;0;0;2;
48;B;15;3;2;1;1;1;0;1;0;0;1;
48;C;15;3;2;1;1;1;0;1;0;0;2;
48;D;15;3;2;1;1;1;0;1;0;0;2;
48;A;20;2;2;1;1;1;0;0;0;0;2;
48;B;20;2;2;1;1;1;0;0;0;0;2;
48;C;20;2;2;1;1;1;0;0;0;0;2;
48;D;20;2;2;1;1;1;0;0;0;0;2;
49;A;1;1;1;0;0;0;1;1;1;1;2;
49;B;1;1;2;0;0;0;0;1;1;1;2;
49;C;1;1;1;0;0;0;1;1;1;1;2;
49;D;1;1;1;0;0;0;1;1;1;1;2;
49;A;2;1;2;0;0;0;0;1;0;0;2;
49;B;2;1;2;0;0;0;1;1;0;0;2;
49;C;2;1;2;0;0;0;1;1;1;1;2;
49;D;2;1;1;0;0;0;1;1;1;1;2;
49;A;3;1;2;2;0;0;1;1;0;0;2;
49;B;3;1;2;2;0;0;1;1;1;1;2;
49;C;3;1;2;1;0;0;1;1;1;1;2;
49;D;3;1;2;2;0;0;1;1;1;1;2;
49;A;4;2;2;1;0;0;1;1;0;0;2;
49;B;4;2;2;1;0;0;1;1;0;0;2;
49;C;4;1;2;2;2;0;1;1;0;0;2;
49;D;4;1;2;1;0;0;1;1;1;1;2;
49;A;5;2;2;1;0;0;1;1;0;0;2;
49;B;5;2;2;2;2;0;1;1;0;0;2;
49;C;5;1;2;1;0;0;1;1;0;0;2;
49;D;5;1;2;1;0;0;1;1;0;0;2;
49;A;10;3;2;2;2;0;0;0;0;0;2;
49;B;10;3;2;2;1;1;0;0;0;0;2;
49;C;10;3;2;2;1;0;0;0;0;0;2;
49;D;10;3;2;2;1;1;0;1;0;0;2;
49;A;15;3;2;1;1;1;2;0;0;0;2;
49;B;15;2;2;1;1;1;0;0;0;0;2;
49;C;15;3;2;1;1;1;2;1;0;0;2;
49;D;15;3;2;1;1;1;1;1;0;0;2;
49;A;20;2;2;1;1;1;0;0;0;0;2;
49;B;20;2;2;1;1;1;0;0;0;0;2;
49;C;20;2;2;1;1;1;0;0;0;0;2;
49;D;20;2;2;1;1;1;0;0;0;0;2;
50;A;1;1;1;0;0;0;2;1;1;1;2;
50;B;1;1;2;0;0;0;1;1;1;1;1;
50;C;1;1;1;0;0;0;1;1;1;1;1;
50;D;1;1;0;0;0;0;1;1;1;1;2;
50;A;2;1;2;0;0;0;1;1;1;1;2;
50;B;2;1;2;0;0;0;1;1;0;0;2;
50;C;2;1;1;0;0;0;1;1;1;1;2;
50;D;2;1;1;0;0;0;1;1;1;1;2;
50;A;3;1;2;2;0;0;1;1;0;0;2;
50;B;3;2;2;1;0;0;1;1;1;1;2;
50;C;3;1;2;2;0;0;1;1;1;1;2;
50;D;3;1;2;2;0;0;1;1;1;6;2;
50;A;4;2;2;1;2;0;1;1;0;0;2;
50;B;4;1;2;2;2;0;1;1;0;0;2;
50;C;4;1;2;2;0;0;1;1;0;0;2;
50;D;4;1;2;2;0;0;1;1;1;5;2;
50;A;5;2;2;1;2;0;1;1;0;0;2;
50;B;5;2;2;1;2;0;1;1;0;0;2;
50;C;5;1;2;1;0;0;1;1;0;0;2;
50;D;5;1;2;1;0;0;1;1;0;0;2;
50;A;10;3;2;2;2;0;0;0;0;0;2;
50;B;10;3;2;2;2;0;0;0;0;0;2;
50;C;10;2;2;2;1;1;0;1;0;0;2;
50;D;10;3;2;2;1;1;0;1;0;0;2;
50;A;15;2;1;1;1;1;2;0;0;0;1;
50;B;15;2;2;1;1;1;0;0;0;0;2;
50;C;15;3;2;1;1;1;2;0;0;0;2;
50;D;15;3;2;1;1;1;0;1;0;0;2;
50;A;20;2;2;1;1;1;0;0;0;0;1;
50;B;20;2;2;1;1;1;0;0;0;0;1;
50;C;20;2;2;1;1;1;0;0;0;0;2;
50;D;20;2;2;1;1;1;0;0;0;0;1;
#;;;80;80;80;80;80;80;80;80;80;96;
